registration_id,parent_name,parent_last_name,parent_phone,parent_email,student_name,student_last_name,student_DOB,student_year,course_Islamic1,course_Islamic2,course_Islamic3,course_Skill1,course_Skill2,course_Skill3,course_Sport1,course_Sport2,course_Sport3,course_Language1,course_Language2,course_Language3,islamic_course_name,skill_course_name,sport_course_name,language_course_name,term_id,conditions,payRef,paid,scholarship_essay,scholarship_amount
147,Niloofar,Farahzadi,07884550166,niloofarahzadi@gmail.com,Sadra,Rezai Ghandforoush,Mon Jun 20 2016 01:00:00 GMT+0100 (British Summer Time),4,,,,,,,,,,,,,N/A,N/A,N/A,N/A,10,,registered again,false,,
142,Zahra,Ghazvini,7907093714,zahraghazvini93@gmail.com,Alaa,Kosarizadeh ,Mon Dec 05 2016 00:00:00 GMT+0000 (Greenwich Mean Time),3,Art & Gratitude,Quran Recitation,Drama & The Life of our Prophet(pbuh),Cooking Club,Game Design,Robotics,Multi-Sports,Football,,Arabic,Farsi,,Art & Gratitude,Cooking Club,Multi-Sports,Arabic,10,,Will be deducted out of her pay,true,,
157,Zainab,Zarrad,07984180810,grendon50@gmail.com,Amin,Zarrad,Tue Jun 10 2014 02:00:00 GMT+0100 (British Summer Time),6,Drama & The Life of our Prophet(pbuh)	STEM & Monotheism - 1	STEM and Monotheism - 2,STEM & Monotheism - 1,STEM and Monotheism - 2,Robotics,Cooking Club,3D Modelling,Football,Multi-Sports,Basketball,Arabic,French,Farsi,Drama & The Life of our Prophet(pbuh),Cooking Club,Football,Arabic,10,,Paid on Wix,true,,
155,Azam,Mehere,07837876006,azam_mehre@hotmail.com,Kumayl,Ali,Fri Jan 02 2015 00:00:00 GMT+0000 (Greenwich Mean Time),5,Quran Recitation,STEM & Monotheism - 1,STEM and Monotheism - 2,Cooking Club,Game Design,Junior Innovators: Creative Engineering & Design,Football,Basketball,,Farsi,French,,STEM and Monotheism - 2,Cooking Club,Football,Farsi,10,,"Scholarship 75%, but no longer available",true,,
158,Noreen ,Shah,07724982445,twinkle_2@hotmail.co.uk,Naira ,Kazmi,Fri Nov 03 2017 00:00:00 GMT+0000 (Greenwich Mean Time),2,Drama & The Life of our Prophet(pbuh),STEM and Monotheism - 2,Art & Gratitude,Cooking Club,Game Design,Robotics,Multi-Sports,Football,,Arabic,Farsi,French,Art & Gratitude,Cooking Club,Multi-Sports,Arabic,10,,"Will be missing 3 sessions, pay into account",true,,
159,Layla ,Shubber,07816146740,shubberlayla@hotmail.com,Haydar,Auda,Sun Mar 31 2019 00:00:00 GMT+0000 (Greenwich Mean Time),1,STEM & Monotheism - 1,Art & Gratitude,Drama & The Life of our Prophet(pbuh),Robotics,Game Design,Cooking Club,Multi-Sports,Football,,Farsi,French,Arabic,Art & Gratitude,Robotics,Multi-Sports,Farsi,10,,cs_live_a1cdWIkXadkrcqjVay7JNkzDTw5pQwKPTy62HrovdnwNPsRuwOrZ8iYgNk,true,,
156,Azam,Mehere,07837876006,azam_mehre@hotmail.com,Hayder,Ali,Fri Sep 13 2013 01:00:00 GMT+0100 (British Summer Time),6,Quran Recitation,Art & Gratitude,STEM and Monotheism - 2,Game Design,Junior Innovators: Creative Engineering & Design,Cooking Club,Football,Basketball,,Farsi,Arabic,,STEM and Monotheism - 2,Game Design,Football,Farsi,10,,"Scholarship 75%, but no longer available",true,,
160,Sayed,Shahrestani,07792677429,manam82@yahoo.com,Seyed Mahdi,Shahrestani,Mon May 14 2012 01:00:00 GMT+0100 (British Summer Time),8,,,,,,,,,,,,,N/A,N/A,N/A,N/A,10,,cs_live_a1mczJSxeTeuaJffAKjTW6JE9bAfZXpsc1r7AyeNxtZYz4sV3sWNAwzdDA,true,,
163,Marjan,Hashemi,07754818015,mjhashemi.sh@gmail.com,Ava,Abdi,Thu Jan 07 2016 00:00:00 GMT+0000 (Greenwich Mean Time),4,STEM & Monotheism - 1,Quran Recitation,Drama & The Life of our Prophet(pbuh),Economics and Financial Literacy,Junior Innovators: Creative Engineering & Design,Cooking Club,Basketball,Football,,Farsi,Arabic,French,STEM and Monotheism - 2,Cooking Club,Basketball,Farsi,10,,Staff not paid £45,true,,
162,Marjan,Hashemi,07754818015,mjhashemi.sh@gmail.com,Nora,Abdi,Thu Jan 07 2016 00:00:00 GMT+0000 (Greenwich Mean Time),4,STEM & Monotheism - 1,Quran Recitation,Drama & The Life of our Prophet(pbuh),Economics and Financial Literacy,Game Design,Cooking Club,Basketball,Football,,Farsi,Arabic,French,STEM and Monotheism - 2,Game Design,Basketball,Farsi,10,,Staff not paid £45,true,,
105,Sayed,Shahrestani,07792677429,manam82@yahoo.com,Seyed mahdi,Shahrestani,Mon May 14 2012 01:00:00 GMT+0100 (British Summer Time),8,,,,,,,,,,,,,N/A,N/A,N/A,N/A,10,,registered again,false,,
140,Zaynab Noureddine,Noureddine,07710244245,zaynabnour23@gmail.com,Zakareya,Hobballah,Fri Feb 23 2018 00:00:00 GMT+0000 (Greenwich Mean Time),2,Quran Recitation,Drama & The Life of our Prophet(pbuh),Art & Gratitude,Cooking Club,Game Design,Robotics,Multi-Sports,Football,,Arabic,,,Quran Recitation,Cooking Club,Multi-Sports,Arabic,10,,Paid in Cash,true,,
161,Sayed baqir ,Quraishi,07584160414,sayed.bespoke@gmail.com,Najma sadat ,Quraishi,Sat Mar 30 2019 00:00:00 GMT+0000 (Greenwich Mean Time),1,,,,,,,,,,,,,N/A,N/A,N/A,N/A,10,,need to follow up,false,,
69,Mo,Aza,07904191035,azarbadegan@gmail.com,Seyed Taha,Azarbadegan ,Tue Dec 06 2011 00:00:00 GMT+0000 (Greenwich Mean Time),8,,,,,,,,,,,,,N/A,N/A,N/A,N/A,10,,cs_live_a1SWxPsrRvwyUN405oFEgbCZO4oLI23Z3BVyvVuomO6ubsD1lu2UJEs2Jr,true,,
70,Soudeh,Mashayekhi ,07837913398,soudeh0097@yahoo.co.uk,Rose,Hajhosseiny ,Thu Sep 19 2019 01:00:00 GMT+0100 (British Summer Time),1,Quran Recitation,Drama & The Life of our Prophet(pbuh),STEM & Monotheism - 1,Cooking Club,Robotics,Game Design,Multi-Sports,Football,,Farsi,Arabic,French,Quran Recitation,Cooking Club,Multi-Sports,Farsi,10,,cs_live_a1jzM2tXIcgGUCICcF364kpySKVPRKwJN6s0tG6HsiB0kK8OgqAwIxfuQj,true,,
134,Dalia ,Kafel ,07309049773,dollyland123@gmail.com,Hadi,Alashkar ,Fri Jun 10 2016 01:00:00 GMT+0100 (British Summer Time),4,Quran Recitation,Drama & The Life of our Prophet(pbuh),STEM and Monotheism - 2,Junior Innovators: Creative Engineering & Design,Game Design,Cooking Club,Football,Basketball,,Arabic,,,Drama & The Life of our Prophet(pbuh),Game Design,Football,Arabic,10,,cs_live_a181PPrllDBqNaxjrDOccqWJ4oao0nR4NVlJ7bLIgcaxjTlchpMnUszF3H,true,"Dear Mr/ Mrs
I requested the wrong amount I can afford 50% instead if possible.
Thank you 
Kind regards 
Dalia ",0.5
71,Ala,Haqiqi,07826173055,ala.haqiqi@gmail.com,Sam,Haj-Hosseiny,Wed Apr 06 2016 01:00:00 GMT+0100 (British Summer Time),4,STEM and Monotheism - 2,Art & Gratitude,Quran Recitation,Game Design,Economics and Financial Literacy,Junior Innovators: Creative Engineering & Design,Football,Basketball,,Farsi,Arabic,French,STEM and Monotheism - 2,Game Design,Football,Farsi,10,,cs_live_a1AReoMBqIPNZukx5jC6tJXLpWBCxR7xdRs0fhzylCaZZk0Fe5K48xu8Cz,true,,
76,Fatema,Alghasra,7447091385,uob.ce@hotmail.com,Zainab,Abdulla,Wed Apr 24 2019 01:00:00 GMT+0100 (British Summer Time),1,STEM & Monotheism - 1,Art & Gratitude,Drama & The Life of our Prophet(pbuh),Cooking Club,Robotics,Game Design,Multi-Sports,Football,,French,Arabic,Farsi,Art & Gratitude,Cooking Club,Multi-Sports,Arabic,10,,cs_live_a1fhLaZkGDmqbOqBWyHC21ZSSUSOmLsGrHVwVCsTORlSit6fWetXoeUOqI,true,,
80,Faris,Nawab,07905059698,faris.nawab@gmail.com,Maysam,Nawab,Mon Apr 14 2014 01:00:00 GMT+0100 (British Summer Time),6,Drama & The Life of our Prophet(pbuh),STEM and Monotheism - 2,Art & Gratitude,Cooking Club,Economics and Financial Literacy,Junior Innovators: Creative Engineering & Design,Basketball,Football,,French,Farsi,Arabic,Drama & The Life of our Prophet(pbuh),Cooking Club,Basketball,Farsi,10,,cs_live_a1Ai5mmNGEEJ2Qk6RUI8CjNFlN0b3s7SLPu6zTspm6eoLI3uYBNwRtcml4,true,,
81,Hussain,M,07427528141,smhuk1@hotmail.com,Noora,Musawi,Tue Jun 06 2017 01:00:00 GMT+0100 (British Summer Time),3,STEM & Monotheism - 1,Art & Gratitude,STEM and Monotheism - 2,Cooking Club,Game Design,Robotics,Multi-Sports,Football,,Farsi,Arabic,French,Art & Gratitude,Cooking Club,Multi-Sports,Farsi,10,,cs_live_a1FbpdPyhJnxEMXTslGzKTQzFvnC6dRPs74FlaMnrq8YKKFI1Kvz2b0iid,true,,
62,Ehsaneh,Daghigh Ahmadi,07830977707,ahmadi_ehsaneh@yahoo.com,Amir-Ali,Sefat,Fri Aug 21 2020 01:00:00 GMT+0100 (British Summer Time),0,,,,,,,,,,,,,N/A,N/A,N/A,N/A,10,,cs_live_a1acmEq6tfjoAaIFuYD5Oy6D1mBB365RrTmQqN6b8RVDqI14tCu7lbwJKj,true,,
93,Farhad,Kamranvand,07519269585,f.kamranvand@gmail.com,Taha,Kamranvand,Sat Apr 22 2017 01:00:00 GMT+0100 (British Summer Time),3,Quran Recitation,Art & Gratitude,STEM and Monotheism - 2,Game Design,Robotics,Cooking Club,Football,Multi-Sports,,Farsi,,,Quran Recitation,Robotics,Football,Farsi,10,,cs_live_b1G4WOxWazHcR5g3YW2nc55ZOLiov4PE0pLuOElnSrdgr7BNAA2vFVZDSv,true,,
94,Farhad,Kamranvand,07519269585,f.kamranvand@gmail.com,Ilia,Kamranvand,Thu Jul 16 2020 01:00:00 GMT+0100 (British Summer Time),0,,,,,,,,,,,,,N/A,N/A,N/A,N/A,10,,cs_live_b1G4WOxWazHcR5g3YW2nc55ZOLiov4PE0pLuOElnSrdgr7BNAA2vFVZDSv,true,,
63,Bushra,Mahdi,07951530642,bushramahdi@hotmail.co.uk,Hanna,Karim,Thu Sep 22 2016 01:00:00 GMT+0100 (British Summer Time),3,Quran through Games - 2,Art & Gratitude,STEM & Monotheism - 1,Cooking Club,Arts,Robotics,Multi-Sports,Basketball,Football,Arabic,French,Farsi,Art & Gratitude,Cooking Club,Multi-Sports,Arabic,10,,cs_live_b1V5lqTylE4ykJUAWtDYba2pDDmIMwafjq1NMT642EJn1OGWlWLJcz0jsl,true,On a low-income at the moment with help of universal credit as well as being a single mum. With time hoping to be able to afford the full amount. ,0.75
64,Bushra,Mahdi,07951530642,bushramahdi@hotmail.co.uk,Zara,Karim,Wed May 02 2012 01:00:00 GMT+0100 (British Summer Time),8,,,,,,,,,,,,,N/A,N/A,N/A,N/A,10,,cs_live_b1V5lqTylE4ykJUAWtDYba2pDDmIMwafjq1NMT642EJn1OGWlWLJcz0jsl,true,On a low-income at the moment with help of universal credit as well as being a single mum. With time hoping to be able to afford the full amount. ,0.75
106,Sayed baqir ,Quraishi,07584160414,sayed.bespoke@gmail.com,Najma sadat ,Quraishi,Sat Mar 30 2019 00:00:00 GMT+0000 (Greenwich Mean Time),1,Quran Recitation,STEM & Monotheism - 1,Drama & The Life of our Prophet(pbuh),Cooking Club,Game Design,Robotics,Multi-Sports,Football,,Farsi,Arabic,French,Quran Recitation,Cooking Club,Multi-Sports,Farsi,10,,cs_live_a12x58OU9XHX8T3F73mTZRTXsAxD7e2fpSVfmy1MtvUsLI7IByKUaOfQ0m,true,,
107,Sayed,Shahrestani,07515421349,shahrestani89@gmail.com,Batoul ,Shahrestani ,Fri Jan 19 2018 00:00:00 GMT+0000 (Greenwich Mean Time),2,Drama & The Life of our Prophet(pbuh),STEM & Monotheism - 1,STEM and Monotheism - 2,Cooking Club,Game Design,Robotics,Multi-Sports,Football,,Arabic,Farsi,French,Art & Gratitude,Cooking Club,Multi-Sports,Arabic,10,,cs_live_a1ID9gg9Z2v3bpuKTzHhxJFdRl3bRtLG1YEAVzYAh7Uc2y4y4YfOm4fIew,true,,
110,Lubna,Al-Shahrestani,07716693379,lubna_90@hotmail.co.uk,Miriam ,Al-Shahrestani,Sat Sep 10 2016 01:00:00 GMT+0100 (British Summer Time),3,STEM and Monotheism - 2,Drama & The Life of our Prophet(pbuh),Quran Recitation,Cooking Club,Robotics,Game Design,Multi-Sports,Football,,Arabic,Farsi,French,Quran Recitation,Cooking Club,Multi-Sports,Arabic,10,,cs_live_b13XS76otmaxghzADJSXVCwB7aHO5rRY8U2G4JRhUUxWiQ19PQxBv8z9Hc,true,,
111,Lubna,Al-Shahrestani,07716693379,lubna_90@hotmail.co.uk,Adam ,Al-Shahrestani,Sat Apr 27 2019 01:00:00 GMT+0100 (British Summer Time),1,STEM & Monotheism - 1,Drama & The Life of our Prophet(pbuh),Quran Recitation,Robotics,Game Design,Cooking Club,Multi-Sports,Football,,Arabic,Farsi,French,Quran Recitation,Robotics,Multi-Sports,Arabic,10,,cs_live_b13XS76otmaxghzADJSXVCwB7aHO5rRY8U2G4JRhUUxWiQ19PQxBv8z9Hc,true,,
124,Zainab,Jiyad,07738220168,zainab.jiyad@gmail.com,Aya,Azzam,Fri May 06 2016 01:00:00 GMT+0100 (British Summer Time),4,Drama & The Life of our Prophet(pbuh),STEM & Monotheism - 1,Quran Recitation,Game Design,Economics and Financial Literacy,Junior Innovators: Creative Engineering & Design,Football,Basketball,,Arabic,,,Drama & The Life of our Prophet(pbuh),Game Design,Basketball,Arabic,10,,cs_live_a1gFmR5LJtQjUZ1hQ2PSJHFojD2PDeACJtGXFB6M16r843sLC9nEP2Djzg,true,,
128,Huda,Alsabari,7753355538,halsabari@hotmail.com,Ridha,Alsaabari ,Mon May 06 2024 01:00:00 GMT+0100 (British Summer Time),1,Art & Gratitude,Drama & The Life of our Prophet(pbuh),STEM & Monotheism - 1,Game Design,Robotics,Cooking Club,Football,Multi-Sports,,Arabic,,,Art & Gratitude,Robotics,Multi-Sports,Arabic,10,,cs_live_b1yYWzenkK8xAm616vyqrRl6YNknqQ4eHE7C8tR80Qgx6Up0HEMrxqq8Bk,true,,
129,Huda,Alsabari,7753355538,halsabari@hotmail.com,Sarah,Alsaabari ,Tue Dec 23 2014 00:00:00 GMT+0000 (Greenwich Mean Time),5,Art & Gratitude,Drama & The Life of our Prophet(pbuh),STEM & Monotheism - 1,Cooking Club,Game Design,Junior Innovators: Creative Engineering & Design,Basketball,Football,,Arabic,,,STEM and Monotheism - 2,Cooking Club,Basketball,Arabic,10,,cs_live_b1yYWzenkK8xAm616vyqrRl6YNknqQ4eHE7C8tR80Qgx6Up0HEMrxqq8Bk,true,,
132,Yasir,Ali,07572524515,yasir.ali@hotmail.co.uk,Hadi ,Ali ,Wed Jul 15 2015 01:00:00 GMT+0100 (British Summer Time),5,Art & Gratitude,Quran Recitation,STEM and Monotheism - 2,Game Design,Cooking Club,Junior Innovators: Creative Engineering & Design,Football,Basketball,,Farsi,,French,STEM and Monotheism - 2,Game Design,Football,Farsi,10,,cs_live_a1lw4WQQpDPB3qJqcIZNO3CbK7ze3l5AirRIY2ofFLKdqOiK8zBbi3SVob,true,,
133,Sayed,Taheri,07736516002,smtaheri1990@gmail.com,Seyed Ali,Taheri,Tue Apr 10 2018 01:00:00 GMT+0100 (British Summer Time),2,Drama & The Life of our Prophet(pbuh),Art & Gratitude,Quran Recitation,Game Design,Robotics,Cooking Club,Football,Multi-Sports,,Farsi,Arabic,,Art & Gratitude,Robotics,Football,Farsi,10,,cs_live_a1shMWP3wWk4Bd6YZRk3anMTc25gtteAzpNou6VlLrex0Y9jvftPUlS4QA,true,I already entered an essay under 75% which apparently is the wrong g number and should have been marked 25%. I trust you have that essay received.,0.5
121,Seyed,Pourshesavar,07773300800,s.mo.por@gmail.com,Seyed sajjad,Pourshesavar,Thu Jun 30 2016 01:00:00 GMT+0100 (British Summer Time),4,Drama & The Life of our Prophet(pbuh),Art & Gratitude,STEM and Monotheism - 2,Game Design,Economics and Financial Literacy,Junior Innovators: Creative Engineering & Design,Football,Basketball,,Farsi,Arabic,French,Drama & The Life of our Prophet(pbuh),Game Design,Football,Farsi,10,,Pay into account,true,,
122,Seyed,Pourshesavar,07773300800,s.mo.por@gmail.com,Seyed saleh,Pourshesavar,Sat Sep 10 2011 01:00:00 GMT+0100 (British Summer Time),8,,,,,,,,,,,,,N/A,N/A,N/A,N/A,10,,Pay into account,true,,
138,Sadegh,Shahrbaf,07885705684,shahrbaf@gmail.com,Mahdiyar,Shahrbaf,Tue Jul 31 2018 01:00:00 GMT+0100 (British Summer Time),1,Quran Recitation,STEM & Monotheism - 1,STEM and Monotheism - 2,Robotics,Game Design,Cooking Club,Multi-Sports,Football,,Farsi,Arabic,French,Quran Recitation,Robotics,Multi-Sports,Farsi,10,,cs_live_a1HltCCPnINsjQhYBLVTnOpIq554NYCddox6MxVnbYN4GJHVKTHxLEK1aR,true,,
143,Atefe,Lari,07966630223,atefe.lari@gmail.com,Toktam,Doozandeh Khorasani,Tue Oct 21 2014 01:00:00 GMT+0100 (British Summer Time),5,Drama & The Life of our Prophet(pbuh),Quran Recitation,STEM and Monotheism - 2,Junior Innovators: Creative Engineering & Design,Economics and Financial Literacy,Game Design,Basketball,Football,,French,Farsi,Arabic,Drama & The Life of our Prophet(pbuh),Game Design,Basketball,Farsi,10,,cs_live_b1BxGDQOM8pt5KIjfBryACn6F7ymFIhBNx0zgMhAAh5asqa94O9fyBDmkc,true,Returning to qube means a lot to my children and to be part by of the qube community is important for us a a a family ,0.5
144,Atefe,Lari,07966630223,atefe.lari@gmail.com,Mohammad Mahdi,Doozandeh Khorasani,Fri Jul 01 2011 01:00:00 GMT+0100 (British Summer Time),9,,,,,,,,,,,,,N/A,N/A,N/A,N/A,10,,cs_live_b1BxGDQOM8pt5KIjfBryACn6F7ymFIhBNx0zgMhAAh5asqa94O9fyBDmkc,true,Returning to qube means a lot to my children and to be part by of the qube community is important for us a a a family ,0.5
145,Seyed mohammad mehdi,ameli renani,07545756666,mahdiameli@gmail.com,Ehsan,Ameli Renani,Tue Jan 29 2013 00:00:00 GMT+0000 (Greenwich Mean Time),7,,,,,,,,,,,,,N/A,N/A,N/A,N/A,10,,cs_live_a18xOTgPRC6DvcupA2VSyeTFBsDDSwETRnpenKJ58tIhS6ciUQlnaOYtcJ,true,,
146,Fatema,Alghasra,7447091385,uob.ce@hotmail.com,Batool,Abdulla,Tue Aug 27 2013 01:00:00 GMT+0100 (British Summer Time),8,,,,,,,,,,,,,N/A,N/A,N/A,N/A,10,,cs_live_a1GYYgDQsivBPi09uczhWAaTTkxFea27lepr8HunaTe1ZqSiQeczJcTYMp,true,,
137,Farshid,Farasat,07541545028,farshidfarasat86@gmail.com,Hana,Farasat,Wed Dec 16 2015 00:00:00 GMT+0000 (Greenwich Mean Time),4,Art & Gratitude,STEM & Monotheism - 1,Drama & The Life of our Prophet(pbuh),Cooking Club,Game Design,Junior Innovators: Creative Engineering & Design,Basketball,Football,,Farsi,,,STEM and Monotheism - 2,Cooking Club,Basketball,Farsi,10,,Staff will pay into account,true,,
98,Fatima,Shariff,07815875522,fatima_shariff@hotmail.com,Musa,Kapansa ,Sat Nov 09 2013 00:00:00 GMT+0000 (Greenwich Mean Time),6,,,,,,,,,,,,,N/A,N/A,N/A,N/A,10,,We should follow up,false,,
103,Fahim,Pour,07828842343,fahimpur@gmail.com,Ali ,Fahimpour,Mon Mar 23 2020 00:00:00 GMT+0000 (Greenwich Mean Time),0,,,,,,,,,,,,,N/A,N/A,N/A,N/A,10,,Staff will pay into account,true,,
104,Hoda,Shirshekar,07490978875,hshiri84@gmail.com,Fatemehnoora ,Mahboubian ,Wed Aug 10 2016 01:00:00 GMT+0100 (British Summer Time),3,,,,,,,,,,,,,N/A,N/A,N/A,N/A,10,,We should follow up(not coming I think),false,,
102,Hoda,Kebriti,07711117172,h.kebriti85@gmail.com,Kaison ,Hajikhalil ,Thu Dec 07 2017 00:00:00 GMT+0000 (Greenwich Mean Time),2,,,,,,,,,,,,,N/A,N/A,N/A,N/A,10,,We should follow up,false,,
89,Noor Ul Ain,Zahra,07403912676,nzahra313@gmail.com,Syed Mohammad Ibrahim,Haider,Mon May 20 2019 01:00:00 GMT+0100 (British Summer Time),0,,,,,,,,,,,,,N/A,N/A,N/A,N/A,10,,We should follow up,false,,
99,Rabia,Yakoob,07956050532,r.yakoob4@gmail.com,Sidra,hussain,Thu Oct 20 2016 01:00:00 GMT+0100 (British Summer Time),4,,,,,,,,,,,,,N/A,N/A,N/A,N/A,10,,We should follow up,false,,
97,Tanjeeb,Hussain,7724007094,tanjeeb@gmail.com,Samana,Hussain,Thu Jan 23 2014 00:00:00 GMT+0000 (Greenwich Mean Time),6,Drama & The Life of our Prophet(pbuh),Art & Gratitude,STEM & Monotheism - 1,Junior Innovators: Creative Engineering & Design,Game Design,Cooking Club,Basketball,Football,,Arabic,Farsi,French,Drama & The Life of our Prophet(pbuh),Game Design,Basketball,Arabic,10,,We should follow up,false,,
131,Yasir,Ali,07572524515,yasir.ali@hotmail.co.uk,Alia Zahra ,Ali ,Thu Dec 28 2017 00:00:00 GMT+0000 (Greenwich Mean Time),2,Art & Gratitude,STEM and Monotheism - 2,STEM & Monotheism - 1,Cooking Club,Game Design,Robotics,Multi-Sports,Football,,Arabic,,,Art & Gratitude,Cooking Club,Multi-Sports,Arabic,10,,Paid Staff,true,,
148,Kundan Fatima ,Rizvi,07951953783,Frizvi2013@gmail.com,Jawad Nazir,Ahmed,Sun Nov 06 2011 00:00:00 GMT+0000 (Greenwich Mean Time),8,,,,,,,,,,,,,N/A,N/A,N/A,N/A,10,,cs_live_a1bEGri7o7lPIuyNqPVyyQtEPa2JwDlMXT0tg6FyWTUCBjlZZMVQ4zdqOO,true," I’m a single parent and due to health issues only work part time . 
Jawad is a dedicated and hardworking student. Being part of the Qube family is something Jawad is very proud of as it’s helped him foster Shia brotherhood.",0.5
149,Fereshteh ,Nesari,07753169423,fereshteh.nesari@gmail.com,Elsa,Zarmani,Fri May 31 2019 01:00:00 GMT+0100 (British Summer Time),1,Drama & The Life of our Prophet(pbuh),Quran Recitation,STEM & Monotheism - 1,Cooking Club,Game Design,Robotics,Multi-Sports,Football,,Farsi,Arabic,French,Quran Recitation,Cooking Club,Multi-Sports,Farsi,10,,cs_live_a1IoVA4hAmmOzAmAxuUP9pIQy68eMUDRNu50SY2xMSKaDjfi3ehqRcHSBg,true,,
150,Zaira,Shabir,07572524646,thezassan@hotmail.com,Zayn,Abbas,Wed Jun 26 2013 01:00:00 GMT+0100 (British Summer Time),7,,,,,,,,,,,,,N/A,N/A,N/A,N/A,10,,Refund from last term.,true,,
164,Shahabeddin,Jafari,07568445840,shahabodin110@gmail.com,Zoha,Jafari,Mon Mar 14 2016 00:00:00 GMT+0000 (Greenwich Mean Time),4,STEM & Monotheism - 1,STEM and Monotheism - 2,Art & Gratitude,Cooking Club,Game Design,Junior Innovators: Creative Engineering & Design,Basketball,Football,,French,Arabic,Farsi,STEM and Monotheism - 2,Cooking Club,Basketball,Arabic,10,,cs_live_a1GwJtaaOVpVCWqPIxTYbSbqqPIlDb3DF71XL3Xy5qa4cC72nu3t9rm9aU,true,,
153,Zeinab ,Ghozael,07787757144,zeinab06@hotmail.com,Hassan,Kafel,Tue Sep 17 2013 01:00:00 GMT+0100 (British Summer Time),6,STEM and Monotheism - 2,Quran Recitation,Drama & The Life of our Prophet(pbuh),Junior Innovators: Creative Engineering & Design,Cooking Club,Game Design,Football,Basketball,,Arabic,,,Drama & The Life of our Prophet(pbuh),Cooking Club,Football,Arabic,10,,cs_live_a1Doso3eOXji7deVL60DNPju3pQPFw81ZZg8xF89rm3Z91F602ipNPgLR6,true,"Salam, I hope you’re doing well. I am requesting Lady khadija’s scholarship because the fee has increased a lot and it’s above my budget. Thank you.",0.75
167,Niloofar,Farahzadi,07884550166,niloofarahzadi@gmail.com,Sadra,Rezai Ghandforoush,Mon Jun 20 2016 01:00:00 GMT+0100 (British Summer Time),4,STEM and Monotheism - 2,STEM & Monotheism - 1,Drama & The Life of our Prophet(pbuh),Game Design,Junior Innovators: Creative Engineering & Design,Economics and Financial Literacy,Football,Basketball,,French,Arabic,Farsi,STEM and Monotheism - 2,Game Design,Football,Arabic,10,,Staff from contract,true,,
139,Zaynab Noureddine,Noureddine,07710244245,zaynabnour23@gmail.com,Zahraa,Hobballah,Fri Feb 23 2018 00:00:00 GMT+0000 (Greenwich Mean Time),2,Quran Recitation,Drama & The Life of our Prophet(pbuh),STEM & Monotheism - 1,Robotics,Cooking Club,Game Design,Football,Multi-Sports,,Arabic,,,Quran Recitation,Cooking Club,Multi-Sports,Arabic,10,,Paid in Cash,true,,
165,Ehsan,Rafizadeh,07545555555,ehsan.rafizadeh@yahoo.co.uk,Parsa,Rafizadeh,Mon Oct 26 2015 00:00:00 GMT+0000 (Greenwich Mean Time),4,Drama & The Life of our Prophet(pbuh),STEM and Monotheism - 2,Quran Recitation,Game Design,Cooking Club,Economics and Financial Literacy,Football,Basketball,,Farsi,Arabic,French,Drama & The Life of our Prophet(pbuh),Game Design,Football,Farsi,10,,staff payment will be sorted out,true,,
166,Ehsan,Rafizadeh,07545555555,ehsan.rafizadeh@yahoo.co.uk,Pedram,Rafizadeh,Tue Feb 28 2012 00:00:00 GMT+0000 (Greenwich Mean Time),8,,,,,,,,,,,,,N/A,N/A,N/A,N/A,10,,staff payment will be sorted out,true,,
168,Hamideh,Ghahroudi,7863335526,h.ghahroudi@gmail.com,Mahdi,Khosravani Pajouh,Wed Feb 09 2011 00:00:00 GMT+0000 (Greenwich Mean Time),9,,,,,,,,,,,,,N/A,N/A,N/A,N/A,10,,cs_live_a11SgadwgAWgW9o3reXp9tc5AG7FXAF9UJUJRYlGsTgi3rGuCrbBl0Z82W,true,,
170,Farshid,Farasat,07541545028,farshidfarasat86@gmail.com,Hamoon,Farasat,Tue Jun 15 2021 01:00:00 GMT+0100 (British Summer Time),0,,,,,,,,,,,,,N/A,N/A,N/A,N/A,10,,,false,,
171,Farshid,Farasat,07541545028,farshidfarasat86@gmail.com,Hamoon,Farasat,Tue Jun 15 2021 01:00:00 GMT+0100 (British Summer Time),0,,,,,,,,,,,,,N/A,N/A,N/A,N/A,10,,,false,,
172,Farshid,Farasat,07541545028,farshidfarasat86@gmail.com,Hana,Farasat,Wed Dec 16 2015 00:00:00 GMT+0000 (Greenwich Mean Time),4,,,,,,,,,,,,,N/A,N/A,N/A,N/A,10,,,false,,
173,Farshid,Farasat,07541545028,farshidfarasat86@gmail.com,Hana,Farasat,Wed Dec 16 2015 00:00:00 GMT+0000 (Greenwich Mean Time),4,,,,,,,,,,,,,N/A,N/A,N/A,N/A,10,,,false,,
174,Farshid,Farasat,07541545028,farshidfarasat86@gmail.com,Hamoon,Farasat,Tue Jun 15 2021 01:00:00 GMT+0100 (British Summer Time),0,,,,,,,,,,,,,N/A,N/A,N/A,N/A,10,,,false,,
175,Farshid,Farasat,07541545028,farshidfarasat86@gmail.com,Hana,Farasat,Wed Dec 16 2015 00:00:00 GMT+0000 (Greenwich Mean Time),4,,,,,,,,,,,,,N/A,N/A,N/A,N/A,10,,,false,,
177,test,test,089787863243,test@test.com,Test,Test,Thu Sep 17 2015 01:00:00 GMT+0100 (British Summer Time),2,STEM and Monotheism - 2,Art & Gratitude,STEM & Monotheism - 1,Robotics,Cooking Club,Game Design,Football,Multi-Sports,,Arabic,Farsi,French,N/A,N/A,N/A,N/A,10,,,false,,
178,test,test,089787863243,test@test.com,test,test,Wed Sep 21 2022 01:00:00 GMT+0100 (British Summer Time),0,,,,,,,,,,,,,N/A,N/A,N/A,N/A,10,,,false,,
176,Marziyeh ,Yazdani,07894981372,shahrivar17th@gmail.com,Zeinab Noura,Jamalan,Thu Feb 02 2017 00:00:00 GMT+0000 (Greenwich Mean Time),3,Art & Gratitude,Quran Recitation,Drama & The Life of our Prophet(pbuh),Cooking Club,Robotics,Game Design,Multi-Sports,Football,,Farsi,French,Arabic,Art & Gratitude,Cooking Club,Multi-Sports,Farsi,10,,Staff will pay £45,true,,
169,Mohammad ,Jamshidi,07543720449,mkjamshidi70@gmail.com,Kiyana,Jamshidi,Sat Jun 07 2014 01:00:00 GMT+0100 (British Summer Time),6,STEM and Monotheism - 2,Art & Gratitude,Drama & The Life of our Prophet(pbuh),Game Design,Junior Innovators: Creative Engineering & Design,Economics and Financial Literacy,Basketball,Football,,Farsi,French,Arabic,STEM and Monotheism - 2,Game Design,Basketball,Farsi,10,,Should pay £45,true,,
179,Hoda,Shirshekar,07490978875,hshiri84@gmail.com,Fatemehnoora ,Mahboubian ,Wed Aug 10 2016 01:00:00 GMT+0100 (British Summer Time),3,STEM & Monotheism - 1,Quran Recitation,Art & Gratitude,Robotics,Game Design,Cooking Club,Multi-Sports,Football,,Farsi,Arabic,French,Quran Recitation,Cooking Club,Multi-Sports,Farsi,10,,cs_live_b1kmZKAK9RwcLHyCORVWW9cGT1vHe3mLndwaB6aTO1FVRoapJK7Byyskt6,true,,
180,Hoda,Shirshekar,07490978875,hshiri84@gmail.com,Amireza,Mahboubian ,Fri Sep 27 2019 01:00:00 GMT+0100 (British Summer Time),0,,,,,,,,,,,,,N/A,N/A,N/A,N/A,10,,cs_live_b1kmZKAK9RwcLHyCORVWW9cGT1vHe3mLndwaB6aTO1FVRoapJK7Byyskt6,true,,
